{
    "blush": {
        "name": "blush",
        "msg": [
            "? blushed!! >///<",
            "? is blushing! cute~",
            "?'s face is red~",
            "? has turned into a tomato."
        ]
    },
    "cry": {
        "name": "cry",
        "msg": [
            "? is crying... :c",
            "? needs a hug...",
            "? is crying... there there...",
            "? cries... :'c"
        ]
    },
    "shrug": {
        "name": "shrug",
        "msg": ["? shrugs", "? doesn't care~", "? says, 'o well'"]
    },
    "sleepy": {
        "name": "sleepy",
        "msg": ["? is sleepy...", "? is tired...", "? needs a nap...", "? wants to sleep..."]
    },
    "thinking": {
        "name": "thinking",
        "msg": ["? is thinking...", "? is trying to understand", "? cannot process that..."]
    },
    "triggered": {
        "name": "triggered",
        "msg": ["? is triggered!", "? is TRIGGERED.", "? is TRIGGERED!!!!"]
    }
}